,C_x1,dx1/dx0{power: 1.0}_x1,x6{power: 1.0}_x1,y5{power: 1.0}_x1,x5{power: 1.0}_x1,d^2x1/dx0^2{power: 1.0} * y4{power: 1.0}_x1,d^2x1/dx0^2{power: 1.0}_x1,y6{power: 1.0}_x1,dy3/dx0{power: 1.0}_x1,d^2y1/dx0^2{power: 1.0}_x1,d^2y2/dx0^2{power: 1.0} * d^2x1/dx0^2{power: 1.0}_x1,y1{power: 1.0}_x1,y2{power: 1.0}_x1,dx1/dx0{power: 1.0} * y3{power: 1.0}_x1,dx6/dx0{power: 1.0}_x1,x3{power: 1.0}_y1,C_y1,d^2y1/dx0^2{power: 1.0} * y3{power: 1.0}_y1,x1{power: 1.0}_y1,dy1/dx0{power: 1.0}_y1,y2{power: 1.0}_y1,d^2y1/dx0^2{power: 1.0}_y1,"t{power: 1.0, dim: 0.0}_y1",y1{power: 1.0}_y1,x5{power: 1.0}_y1,y5{power: 1.0}_y1,dy4/dx0{power: 1.0}_y1,dx3/dx0{power: 1.0}_y1,dy4/dx0{power: 1.0} * dy1/dx0{power: 1.0}_y1,C_x2,dx2/dx0{power: 1.0}_x2,x3{power: 1.0}_x2,"t{power: 1.0, dim: 0.0}_x2","y6{power: 1.0} * t{power: 1.0, dim: 0.0}_x2",d^2x2/dx0^2{power: 1.0}_x2,y4{power: 1.0}_x2,C_y2,dy2/dx0{power: 1.0}_y2,x5{power: 1.0}_y2,y3{power: 1.0}_y2,dy2/dx0{power: 1.0} * y5{power: 1.0}_y2,d^2y2/dx0^2{power: 1.0}_y2,x6{power: 1.0}_y2,y6{power: 1.0}_y2,C_x3,dx3/dx0{power: 1.0}_x3,dy3/dx0{power: 1.0}_x3,x1{power: 1.0}_x3,x6{power: 1.0}_x3,d^2x3/dx0^2{power: 1.0}_x3,y3{power: 1.0}_x3,"t{power: 1.0, dim: 0.0}_x3","t{power: 1.0, dim: 0.0} * sin{power: 1.0, dim: 0.0}_x3",dy6/dx0{power: 1.0} * dx3/dx0{power: 1.0}_x3,d^2x3/dx0^2{power: 1.0} * y3{power: 1.0}_x3,dx3/dx0{power: 1.0} * dy4/dx0{power: 1.0}_x3,C_y3,d^2y3/dx0^2{power: 1.0}_y3,x6{power: 1.0}_y3,x5{power: 1.0}_y3,y3{power: 1.0}_y3,x5{power: 1.0} * d^2y3/dx0^2{power: 1.0}_y3,d^2y3/dx0^2{power: 1.0} * x3{power: 1.0}_y3,dx1/dx0{power: 1.0}_y3,x3{power: 1.0}_y3,y2{power: 1.0} * d^2y3/dx0^2{power: 1.0}_y3,y4{power: 1.0}_y3,dy3/dx0{power: 1.0}_y3,d^2y3/dx0^2{power: 1.0} * y3{power: 1.0}_y3,x5{power: 1.0} * x4{power: 1.0}_y3,C_x4,d^2x4/dx0^2{power: 1.0}_x4,y5{power: 1.0}_x4,dx4/dx0{power: 1.0}_x4,y4{power: 1.0}_x4,x1{power: 1.0} * y1{power: 1.0}_x4,"t{power: 1.0, dim: 0.0} * x1{power: 1.0}_x4",d^2x4/dx0^2{power: 1.0} * dy1/dx0{power: 1.0}_x4,y6{power: 1.0}_x4,d^2x4/dx0^2{power: 1.0} * d^2y3/dx0^2{power: 1.0}_x4,dy2/dx0{power: 1.0}_x4,x2{power: 1.0} * d^2x4/dx0^2{power: 1.0}_x4,y1{power: 1.0}_x4,y3{power: 1.0}_x4,d^2y5/dx0^2{power: 1.0}_x4,d^2x4/dx0^2{power: 1.0} * y2{power: 1.0}_x4,x6{power: 1.0} * x5{power: 1.0}_y4,C_y4,d^2y4/dx0^2{power: 1.0}_y4,dy4/dx0{power: 1.0}_y4,x4{power: 1.0}_y4,d^2y4/dx0^2{power: 1.0} * x5{power: 1.0}_y4,d^2x1/dx0^2{power: 1.0}_y4,"t{power: 1.0, dim: 0.0}_y4",y5{power: 1.0} * dy4/dx0{power: 1.0}_y4,x1{power: 1.0}_y4,x6{power: 1.0}_y4,y4{power: 1.0}_y4,x3{power: 1.0}_x5,C_x5,d^2x5/dx0^2{power: 1.0}_x5,y1{power: 1.0}_x5,dx5/dx0{power: 1.0}_x5,x5{power: 1.0}_x5,y3{power: 1.0} * y4{power: 1.0}_x5,dy4/dx0{power: 1.0}_x5,d^2x5/dx0^2{power: 1.0} * x4{power: 1.0}_x5,d^2x2/dx0^2{power: 1.0}_x5,dx5/dx0{power: 1.0} * d^2x6/dx0^2{power: 1.0}_x5,x6{power: 1.0}_x5,dx5/dx0{power: 1.0} * y6{power: 1.0}_x5,y4{power: 1.0}_x5,C_y5,dy5/dx0{power: 1.0}_y5,x6{power: 1.0}_y5,x5{power: 1.0}_y5,dx4/dx0{power: 1.0}_y5,x3{power: 1.0}_y5,y1{power: 1.0}_y5,dy5/dx0{power: 1.0} * x2{power: 1.0}_y5,d^2y5/dx0^2{power: 1.0}_y5,y3{power: 1.0}_y5,y5{power: 1.0}_y5,x1{power: 1.0}_y5,d^2y5/dx0^2{power: 1.0} * y6{power: 1.0}_y5,C_x6,dx6/dx0{power: 1.0}_x6,x1{power: 1.0}_x6,d^2x6/dx0^2{power: 1.0}_x6,y3{power: 1.0}_x6,x3{power: 1.0}_x6,y1{power: 1.0}_x6,y2{power: 1.0}_x6,"d^2y3/dx0^2{power: 1.0} * t{power: 1.0, dim: 0.0}_x6",dx6/dx0{power: 1.0} * x3{power: 1.0}_x6,dy3/dx0{power: 1.0}_x6,dy4/dx0{power: 1.0}_x6,C_y6,d^2y6/dx0^2{power: 1.0}_y6,d^2y1/dx0^2{power: 1.0}_y6,x3{power: 1.0}_y6,dy6/dx0{power: 1.0}_y6,x4{power: 1.0}_y6,dy3/dx0{power: 1.0}_y6,y1{power: 1.0}_y6,y5{power: 1.0}_y6,dy6/dx0{power: 1.0} * y3{power: 1.0}_y6,y4{power: 1.0}_y6,x1{power: 1.0}_y6,x5{power: 1.0}_y6,dx1/dx0{power: 1.0}_y6,d^2x4/dx0^2{power: 1.0} * dy6/dx0{power: 1.0}_y6
0,0.03149334848993648,-1.0,-0.03760330548525553,0.0,0.0,0.0,0.0,0.0,0.0,0.0,0.0,0.0,0.0,0.0,0.0,-0.005057382144082331,0.003752160231904574,-1.0,0.0,0.0,0.0,0.0,0.0,0.0,0.0,0.0,0.0,0.0,0.0,-0.016153456279390768,-1.0,0.022173820080263962,0.0,0.0,0.0,0.0,-0.013634367359588166,-1.0,0.07011205563380067,0.0,0.0,0.0,0.0,0.0,0.00010648643544791623,-1.0,0.13673894359751818,0.0,0.0,0.0,0.0,0.0,0.0,0.0,0.0,0.0,-0.0016940213196212845,-1.0,0.0021132011619308605,0.0,0.0,0.0,0.0,0.0,0.0,0.0,0.0,0.0,0.0,0.0,-0.0032546493878016064,-1.0,0.016462604774293774,0.0,0.0,0.0,0.0,0.0,0.0,0.0,0.0,0.0,0.0,0.0,0.0,0.0,-0.005464963467729053,0.0007466951306251676,-1.0,0.0,0.0,0.0,0.0,0.0,0.0,0.0,0.0,0.0,-0.0014354685079502197,0.0011169880487192077,-1.0,0.0,0.0,0.0,0.0,0.0,0.0,0.0,0.0,0.0,0.0,0.0,0.009000679574717757,-1.0,-0.011376566439099664,0.0,0.0,0.0,0.0,0.0,0.0,0.0,0.0,0.0,0.0,-0.008641450717388215,-1.0,0.0314623384881874,0.0,0.0,0.0,0.0,0.0,0.0,0.0,0.0,0.0,3.2856145288653794e-05,-1.0,0.02763478854537382,0.0,0.0,0.0,0.0,0.0,0.0,0.0,0.0,0.0,0.0,0.0,0.0
1,0.00027254617552660565,0.0,0.0,-0.001198327409934685,-0.0002484085899843589,-1.0,0.0,0.0,0.0,0.0,0.0,0.0,0.0,0.0,0.0,0.0,0.02384780586126492,0.0,-0.06133499078958866,-1.0,-0.013976655574083677,0.0,0.0,0.0,0.0,0.0,0.0,0.0,0.0,-0.016153456279390768,-1.0,0.022173820080263962,0.0,0.0,0.0,0.0,-0.003784426841048631,0.0,0.0,0.005219041899580978,-1.0,0.0,0.0,0.0,0.00010648643544791623,-1.0,0.13673894359751818,0.0,0.0,0.0,0.0,0.0,0.0,0.0,0.0,0.0,0.0034770760828414554,-1.0,0.0,0.014517781478356511,-0.00892085650562068,0.0,0.0,0.0,0.0,0.0,0.0,0.0,0.0,0.0,-0.0032546493878016064,-1.0,0.016462604774293774,0.0,0.0,0.0,0.0,0.0,0.0,0.0,0.0,0.0,0.0,0.0,0.0,0.0,0.0,-0.012193135515598589,0.0,-1.0,0.016302280216773362,0.0,0.0,0.0,0.0,0.0,0.0,0.0,0.0,-0.015959548055579226,0.0,0.01791992130892623,-1.0,0.0,0.0,0.0,0.0,0.0,0.0,0.0,0.0,0.0,0.009000679574717757,-1.0,-0.011376566439099664,0.0,0.0,0.0,0.0,0.0,0.0,0.0,0.0,0.0,0.0,-0.001099612655602205,0.0,0.0,-1.0,0.001599452794088951,0.0,0.0,0.0,0.0,0.0,0.0,0.0,-0.06173550097969911,0.0,0.0,0.08006255415951143,-1.0,0.0,0.0,0.0,0.0,0.0,0.0,0.0,0.0,0.0,0.0
2,0.03149334848993648,-1.0,-0.03760330548525553,0.0,0.0,0.0,0.0,0.0,0.0,0.0,0.0,0.0,0.0,0.0,0.0,0.0,0.02384780586126492,0.0,-0.06133499078958866,-1.0,-0.013976655574083677,0.0,0.0,0.0,0.0,0.0,0.0,0.0,0.0,-0.016153456279390768,-1.0,0.022173820080263962,0.0,0.0,0.0,0.0,-0.013634367359588166,-1.0,0.07011205563380067,0.0,0.0,0.0,0.0,0.0,-0.020089246428170927,-1.0,0.0,-0.014831641040778101,0.030166036083548856,0.0,0.0,0.0,0.0,0.0,0.0,0.0,5.21028412836257e-05,0.17870947234109144,0.0,0.0,-7.992924011949334e-05,-1.0,0.0,0.0,0.0,0.0,0.0,0.0,0.0,0.0,0.011066449271997994,0.0,0.0,-1.0,-0.04204907090551141,0.0,0.0,0.0,0.0,0.0,0.0,0.0,0.0,0.0,0.0,0.0,0.0,6.948591423457632e-07,0.0,0.0,0.0,-1.0,0.08290514163883078,0.0,0.0,0.0,0.0,0.0,0.0,-0.011948693107338763,0.0,0.018050659550937015,-1.0,-0.02111118773477433,0.0,0.0,0.0,0.0,0.0,0.0,0.0,0.0,-0.005048537641392127,-1.0,0.0,0.02412702054018244,0.0,0.0,0.0,0.0,0.0,0.0,0.0,0.0,0.0,0.01345120483894037,-1.0,0.0,0.0,0.0,-0.0168594134477684,0.0,0.0,0.0,0.0,0.0,0.0,-0.016223517363950803,0.0,0.0,0.0,-1.0,0.02103636920549496,0.0,0.0,0.0,0.0,0.0,0.0,0.0,0.0,0.0
3,0.00039684037903021984,0.0,0.0,0.0,0.0,0.0,-1.0,-0.0006613163830624704,0.0,0.0,0.0,0.0,0.0,0.0,0.0,0.0,0.02384780586126492,0.0,-0.06133499078958866,-1.0,-0.013976655574083677,0.0,0.0,0.0,0.0,0.0,0.0,0.0,0.0,-0.0003679909240439981,-1.0,0.0,6.683065982083904e-06,0.0,0.0,0.0,-0.0011508957631881493,0.0,0.0,0.0,0.0,-1.0,0.0013683082255166123,0.0,0.008080121202022133,-1.0,0.0,-0.028422394682948854,0.0,0.0,0.0,0.0,0.0,0.0,0.0,0.0,3.3265011656896633e-05,0.0,0.0,0.0,0.0,0.0,-1.0,-0.014972535097459463,0.0,0.0,0.0,0.0,0.0,0.0,-0.0032546493878016064,-1.0,0.016462604774293774,0.0,0.0,0.0,0.0,0.0,0.0,0.0,0.0,0.0,0.0,0.0,0.0,0.0,0.0,-0.00022968523566470277,0.0,0.2012595453008801,0.00038899675047579177,0.0,0.0,-4.139076793851702e-07,-1.0,0.0,0.0,0.0,-0.0014354685079502197,0.0011169880487192077,-1.0,0.0,0.0,0.0,0.0,0.0,0.0,0.0,0.0,0.0,0.0,0.0,0.005211641706266986,-1.0,0.0,0.0,-0.12775775494497768,-0.007043671454857859,0.0,0.0,0.0,0.0,0.0,0.0,0.0,-0.001099612655602205,0.0,0.0,-1.0,0.001599452794088951,0.0,0.0,0.0,0.0,0.0,0.0,0.0,-0.06173550097969911,0.0,0.0,0.08006255415951143,-1.0,0.0,0.0,0.0,0.0,0.0,0.0,0.0,0.0,0.0,0.0
4,-2.7521605308994276e-05,0.0,0.0,0.0,0.0,0.0,-1.0,0.0,0.017234708666968784,0.0,0.0,0.0,0.0,0.0,0.0,0.0,0.011307002699313496,0.0,0.0,0.0,0.0,-1.0,1.2047872693059444e-05,-0.015269856634546592,0.0,0.0,0.0,0.0,0.0,-0.016153456279390768,-1.0,0.022173820080263962,0.0,0.0,0.0,0.0,-0.013634367359588166,-1.0,0.07011205563380067,0.0,0.0,0.0,0.0,0.0,0.0010414058167770256,0.0,0.0,0.0,0.0,-1.0,-0.0015206631721194856,0.0,0.0,0.0,0.0,0.0,0.003008464408729563,0.0,0.0,0.0,0.0,0.0,0.0,0.0,-0.004028628967134946,-1.0,0.0,0.0,0.0,0.0,-1.4862824077789492e-06,0.0,0.0,0.0,0.0,8.26448305694173e-06,-1.6875950946688963e-08,-1.0,0.0,0.0,0.0,0.0,0.0,0.0,0.0,0.0,0.0,-0.00022968523566470277,0.0,0.2012595453008801,0.00038899675047579177,0.0,0.0,-4.139076793851702e-07,-1.0,0.0,0.0,0.0,-0.0014354685079502197,0.0011169880487192077,-1.0,0.0,0.0,0.0,0.0,0.0,0.0,0.0,0.0,0.0,0.0,0.0,-0.016925151168642488,-1.0,0.0,0.0,0.0,0.022311205528595578,0.0,0.0,0.0,0.0,0.0,0.0,0.0,-0.0006936519033680288,0.0,-0.0009033102300817015,-1.0,0.0013556555868469617,0.0,0.0,0.0,0.0,0.0,0.0,0.0,1.782931944898202e-05,-1.0,0.0,0.0,0.0,0.0,0.043260364027660314,0.0,0.0,0.0,0.0,0.0,0.0,0.0,0.0
5,-8.892712634553392e-07,0.0,0.0,0.0,3.162343741590306e-06,0.0,0.0,0.0,0.0,0.00019772616573101928,-1.0,4.5739975280803355e-07,0.0,0.0,0.0,0.0,0.02384780586126492,0.0,-0.06133499078958866,-1.0,-0.013976655574083677,0.0,0.0,0.0,0.0,0.0,0.0,0.0,0.0,-0.015737329670505725,-1.0,0.021145246754582514,2.9579921120869438e-06,0.0,0.0,0.0,-0.00639909963736537,-1.0,0.05847054574962971,0.0,0.0,0.0,0.0,-0.007673126709577451,0.00010648643544791623,-1.0,0.13673894359751818,0.0,0.0,0.0,0.0,0.0,0.0,0.0,0.0,0.0,5.210284128362485e-05,0.17870947234109155,0.0,0.0,-7.992924011949209e-05,-1.0,0.0,0.0,0.0,0.0,0.0,0.0,0.0,0.0,-0.0032546493878016064,-1.0,0.016462604774293774,0.0,0.0,0.0,0.0,0.0,0.0,0.0,0.0,0.0,0.0,0.0,0.0,0.0,0.0,0.0001611537561577379,0.0,0.19416996631489974,0.0,0.0,0.0,7.482046445869406e-07,-1.0,-0.0008962732837792956,0.0,0.0,0.0,-0.011948693107338763,0.0,0.018050659550937015,-1.0,-0.02111118773477433,0.0,0.0,0.0,0.0,0.0,0.0,0.0,0.0,-0.00010953317935151484,0.0647461460744189,0.00028420691042780027,0.0,0.0,0.0,-0.00013939542689410874,-1.0,0.0,0.0,0.0,0.0,0.0,-0.0023893695048240646,0.0,-0.003166208088115022,-1.0,0.0,0.0,0.00393687405033625,0.0,0.0,0.0,0.0,0.0,-0.06173550097969911,0.0,0.0,0.08006255415951143,-1.0,0.0,0.0,0.0,0.0,0.0,0.0,0.0,0.0,0.0,0.0
6,-0.001609563379230642,0.0,0.0,0.0,0.0,0.0,0.0,0.0,0.0,0.0,0.0,0.0,0.006233645962866782,-1.0,0.0,0.0,0.002816352147775244,0.0,0.0,0.0,0.0,-1.0,0.0,0.0,-0.00538067782893866,-0.009348897252314123,0.0,0.0,0.0,-0.0003679909240439981,-1.0,0.0,6.683065982083902e-06,0.0,0.0,0.0,-0.006399099637365848,-1.0,0.058470545749629295,0.0,0.0,0.0,0.0,-0.007673126709576594,-0.008907067595470566,-1.0,0.0,-0.015758014353160623,0.01792646834479368,0.0,0.0,-7.460899198457526e-06,0.0,0.0,0.0,0.0,0.008751825732687122,0.0,0.0,0.0,0.0,0.0,0.0,0.0,0.0,0.0,-0.03924528912878792,-1.0,0.0,0.0,0.011066449271997994,0.0,0.0,-1.0,-0.04204907090551141,0.0,0.0,0.0,0.0,0.0,0.0,0.0,0.0,0.0,0.0,0.0,0.0,0.003490861132433987,-1.0,0.0,0.0,0.0,0.0,0.0,0.0,0.0,-0.003327084608058537,-0.004026993008326936,0.0,-0.007902003977612617,0.0,0.013728452100634628,-1.0,0.0,-0.02873182855037438,0.0,0.0,0.0,0.0,0.0,0.0,0.0,0.004297007215330436,0.0,0.0,0.0,0.0,0.0,0.0,0.0,-1.0,-0.0024684461065932954,-0.01327860147593635,0.0,0.0,-0.0019591881440520916,-1.0,0.0,0.0,0.0,0.0,0.0,0.005738476339286826,0.0,0.0,0.0,0.0,-0.06173550097969911,0.0,0.0,0.08006255415951143,-1.0,0.0,0.0,0.0,0.0,0.0,0.0,0.0,0.0,0.0,0.0
7,0.03149334848993648,-1.0,-0.03760330548525553,0.0,0.0,0.0,0.0,0.0,0.0,0.0,0.0,0.0,0.0,0.0,0.0,0.0,1.3386737688668486e-06,0.0,0.0,0.0,0.0,0.0,0.0,0.0,0.0,0.0,0.004634068290072805,-0.0021051246892736146,-1.0,-0.016153456279390768,-1.0,0.022173820080263962,0.0,0.0,0.0,0.0,-0.013634367359588166,-1.0,0.07011205563380067,0.0,0.0,0.0,0.0,0.0,0.001042142960919109,0.0,0.0,0.0,0.0,-1.0,-0.001521750525559202,0.0,-7.368472038886752e-08,0.0,0.0,0.0,0.008751825732687122,0.0,0.0,0.0,0.0,0.0,0.0,0.0,0.0,0.0,-0.03924528912878792,-1.0,0.0,0.0,-0.0032546493878016064,-1.0,0.016462604774293774,0.0,0.0,0.0,0.0,0.0,0.0,0.0,0.0,0.0,0.0,0.0,0.0,0.0,0.0,0.0007174770485527078,-1.0,0.0,0.0,0.0,0.0,0.0,0.0,0.0,0.0,-0.0033675542395726612,0.0,1.2081308241187362e-05,0.0,0.0,0.0,0.0,0.0,-0.00678708954563744,-1.0,0.0,0.0,0.0,0.0,0.0,0.009000679574717757,-1.0,-0.011376566439099664,0.0,0.0,0.0,0.0,0.0,0.0,0.0,0.0,0.0,0.0,0.0003865187344889845,0.0,0.0,0.0,0.0,0.0,0.0,0.0,0.0047590006307296475,-1.0,0.0,0.0,-0.06173550097969911,0.0,0.0,0.08006255415951143,-1.0,0.0,0.0,0.0,0.0,0.0,0.0,0.0,0.0,0.0,0.0
8,0.03149334848993648,-1.0,-0.03760330548525553,0.0,0.0,0.0,0.0,0.0,0.0,0.0,0.0,0.0,0.0,0.0,0.0,0.0,0.011307002699313496,0.0,0.0,0.0,0.0,-1.0,1.2047872693059444e-05,-0.015269856634546592,0.0,0.0,0.0,0.0,0.0,-0.016153456279390768,-1.0,0.022173820080263962,0.0,0.0,0.0,0.0,-0.003784426841048631,0.0,0.0,0.005219041899580978,-1.0,0.0,0.0,0.0,0.008080121202022133,-1.0,0.0,-0.028422394682948854,0.0,0.0,0.0,0.0,0.0,0.0,0.0,0.0,0.008751825732687122,0.0,0.0,0.0,0.0,0.0,0.0,0.0,0.0,0.0,-0.03924528912878792,-1.0,0.0,0.0,-0.0032546493878016064,-1.0,0.016462604774293774,0.0,0.0,0.0,0.0,0.0,0.0,0.0,0.0,0.0,0.0,0.0,0.0,0.0,0.0,-0.00022968523566470277,0.0,0.2012595453008801,0.00038899675047579177,0.0,0.0,-4.139076793851702e-07,-1.0,0.0,0.0,0.0,0.0,-0.015959548055579226,0.0,0.01791992130892623,-1.0,0.0,0.0,0.0,0.0,0.0,0.0,0.0,0.0,0.0,0.004297007215330436,0.0,0.0,0.0,0.0,0.0,0.0,0.0,-1.0,-0.0024684461065932954,-0.01327860147593635,0.0,0.0,0.01345120483894037,-1.0,0.0,0.0,0.0,-0.0168594134477684,0.0,0.0,0.0,0.0,0.0,0.0,0.00019339539909810983,-1.0,0.0,0.0,0.0,0.0005692721899543156,0.0,-0.0007000617119746886,0.0,0.0,0.0,0.0,0.0,0.0,0.0
9,0.03149334848993648,-1.0,-0.03760330548525553,0.0,0.0,0.0,0.0,0.0,0.0,0.0,0.0,0.0,0.0,0.0,0.0,0.0,0.02384780586126451,0.0,-0.061334990789586735,-1.0,-0.013976655574084246,0.0,0.0,0.0,0.0,0.0,0.0,0.0,0.0,-0.016153456279390768,-1.0,0.022173820080263962,0.0,0.0,0.0,0.0,-0.013634367359588166,-1.0,0.07011205563380067,0.0,0.0,0.0,0.0,0.0,3.4126333666379897e-07,0.0,0.0,0.0,0.0,0.0,0.0,0.0,0.0,-1.0,0.0009851141725777215,0.0,5.210284128362485e-05,0.17870947234109155,0.0,0.0,-7.992924011949209e-05,-1.0,0.0,0.0,0.0,0.0,0.0,0.0,0.0,0.0,-0.0032546493878016064,-1.0,0.016462604774293774,0.0,0.0,0.0,0.0,0.0,0.0,0.0,0.0,0.0,0.0,0.0,0.0,0.0,0.0,0.003490861132433987,-1.0,0.0,0.0,0.0,0.0,0.0,0.0,0.0,-0.003327084608058537,-0.004026993008326936,0.0,-0.00790200397761283,0.0,0.01372845210063482,-1.0,0.0,-0.028731828550374004,0.0,0.0,0.0,0.0,0.0,0.0,0.0,0.00013214898623455912,0.0,0.0,0.0,0.0,0.0,0.0,0.0,0.0,0.0,0.0,-0.00046200788504607013,-1.0,0.01345120483894037,-1.0,0.0,0.0,0.0,-0.0168594134477684,0.0,0.0,0.0,0.0,0.0,0.0,0.010653271419425278,0.0,0.0,0.0,0.0,0.0,0.0,0.0,-0.0577507223164645,-1.0,0.0,0.0,0.0,0.0,0.0
10,0.03149334848993648,-1.0,-0.03760330548525553,0.0,0.0,0.0,0.0,0.0,0.0,0.0,0.0,0.0,0.0,0.0,0.0,0.0,0.011307002699313496,0.0,0.0,0.0,0.0,-1.0,1.2047872693059444e-05,-0.015269856634546592,0.0,0.0,0.0,0.0,0.0,-0.015877337844940168,-1.0,0.02147567887620436,0.0,3.5712185837166585e-06,0.0,0.0,-0.001499691062023344,0.0,0.0,0.005338565389986793,-1.0,0.0,-0.0030011207073039263,0.0,0.0010414058167770256,0.0,0.0,0.0,0.0,-1.0,-0.0015206631721194856,0.0,0.0,0.0,0.0,0.0,0.008751825732687122,0.0,0.0,0.0,0.0,0.0,0.0,0.0,0.0,0.0,-0.03924528912878792,-1.0,0.0,0.0,-2.831311674674046e-07,0.0,0.0,0.0,0.0,0.0,0.0,0.0,4.883537674284935e-07,-1.0,2.186192523127226e-06,0.0,0.0,0.0,0.0,0.0,0.0,-0.00022968523566470277,0.0,0.2012608861252042,0.00038891296628300293,0.0,0.0,-4.133298988639996e-07,-1.0,0.0,0.0,0.0,0.0,-1.054197637198214e-06,0.0,0.0,0.0,0.0,0.0,0.0,0.0,0.0002834127327504706,-1.0,1.3508314187899634e-06,0.0,0.0,0.00017498863912168014,0.06389925063549047,0.0,0.0,0.0,0.0,-0.00021015192114944475,-1.0,0.0,0.0,0.0,0.0,0.0,0.01345120483894037,-1.0,0.0,0.0,0.0,-0.0168594134477684,0.0,0.0,0.0,0.0,0.0,0.0,-0.06173550097969911,0.0,0.0,0.08006255415951143,-1.0,0.0,0.0,0.0,0.0,0.0,0.0,0.0,0.0,0.0,0.0
11,0.03149334848993648,-1.0,-0.03760330548525553,0.0,0.0,0.0,0.0,0.0,0.0,0.0,0.0,0.0,0.0,0.0,0.0,0.0,0.02384780586126492,0.0,-0.06133499078958866,-1.0,-0.013976655574083677,0.0,0.0,0.0,0.0,0.0,0.0,0.0,0.0,-0.016153456279390768,-1.0,0.022173820080263962,0.0,0.0,0.0,0.0,-0.001499691062023344,0.0,0.0,0.005377586346901568,-1.0,0.0,-0.0030344904670196815,0.0,-0.020089246428170927,-1.0,0.0,-0.014831641040778101,0.030166036083548856,0.0,0.0,0.0,0.0,0.0,0.0,0.0,-0.0011048198446391459,0.0,0.0013714760471587215,0.0,0.0,0.0,0.0,0.0,0.0,0.0,0.0,0.0,-1.0,0.0,-0.00011524112383199395,0.0,0.0,0.0,0.0,0.0,0.0,0.0,0.0,0.0,0.0,-1.0,0.00013666280789568138,0.0,0.0,0.0,0.0,-0.00022968523566470277,0.0,0.2012595453008801,0.00038899675047579177,0.0,0.0,-4.139076793851702e-07,-1.0,0.0,0.0,0.0,0.0,-0.011948693107338763,0.0,0.018050659550937015,-1.0,-0.02111118773477433,0.0,0.0,0.0,0.0,0.0,0.0,0.0,0.0,0.0016371393657212824,0.0,0.0,0.0,0.0,0.0,0.0,0.0,-1.0,0.0,-0.008348868876786989,0.0,0.0,0.01345120483894037,-1.0,0.0,0.0,0.0,-0.0168594134477684,0.0,0.0,0.0,0.0,0.0,0.0,0.001263679965626101,-1.0,0.0,0.0,0.0,0.0,0.0,0.0,0.0,0.0,-0.0030236852155301774,-0.0021999241469735547,0.0,0.0,0.0
12,0.03149334848993648,-1.0,-0.03760330548525553,0.0,0.0,0.0,0.0,0.0,0.0,0.0,0.0,0.0,0.0,0.0,0.0,0.0,0.011307002699313496,0.0,0.0,0.0,0.0,-1.0,1.2034056983290752e-05,-0.015268144380685116,0.0,0.0,0.0,0.0,0.0,-0.016153456279390768,-1.0,0.022173820080263962,0.0,0.0,0.0,0.0,-0.001499691062023358,0.0,0.0,0.005377586346901546,-1.0,0.0,-0.0030344904670196447,0.0,3.844072994995725e-07,0.0,-0.00082876996626454,0.0,0.0,0.0,0.0,0.0,0.0,0.0,0.0,-1.0,0.0001248641568872955,0.17578304649349516,0.0,0.0,-0.00025608949229751876,-1.0,0.0,0.0,0.0,0.0,0.0,0.0,0.0,0.00038475400087501014,-0.00718861100470271,-1.0,0.029425950839679072,0.0,0.0,0.0,0.0,0.0,0.0,0.0,0.0,0.0,0.0,0.002035111224075347,0.0,0.0,0.0,0.003490861132433987,-1.0,0.0,0.0,0.0,0.0,0.0,0.0,0.0,-0.003327084608058537,-0.004026993008326936,0.0,-0.00790200397761283,0.0,0.01372845210063482,-1.0,0.0,-0.028731828550374004,0.0,0.0,0.0,0.0,0.0,0.0,0.0,-0.016925151168642488,-1.0,0.0,0.0,0.0,0.022311205528595578,0.0,0.0,0.0,0.0,0.0,0.0,0.0,-0.0016027260895319913,0.0,0.0,-1.0,0.0,0.0,0.0019373504681838806,0.0,0.0,0.0,0.0,0.0,-0.024621366110585543,0.0,0.0,0.0,-1.0,0.0,0.0,0.0,0.0,0.0,0.0,0.0,0.11687528134757244,0.0,0.0
13,2.8715172885524908e-06,0.0,0.0,0.0,0.0,0.0,-1.0,0.0,0.0,0.0,0.0,0.0,0.0,0.0,-0.018875289717408917,0.0,0.02384780586126492,0.0,-0.06133499078958866,-1.0,-0.013976655574083677,0.0,0.0,0.0,0.0,0.0,0.0,0.0,0.0,8.842517434656008e-05,0.0,0.0,0.0,0.0,-1.0,-0.000556040190002112,-0.0011508957631881493,0.0,0.0,0.0,0.0,-1.0,0.0013683082255166123,0.0,0.00010648643544791623,-1.0,0.13673894359751818,0.0,0.0,0.0,0.0,0.0,0.0,0.0,0.0,0.0,-0.0016940213196212845,-1.0,0.0021132011619308605,0.0,0.0,0.0,0.0,0.0,0.0,0.0,0.0,0.0,0.0,0.0,-5.893432280057838e-06,0.0,0.0,0.0,0.0,0.0,0.0,0.0,0.0,0.0,0.0,0.0,0.0,0.0,-0.008860313013010044,-1.0,-0.005464963467729053,0.0007466951306251676,-1.0,0.0,0.0,0.0,0.0,0.0,0.0,0.0,0.0,0.0,0.0,0.002591549914120243,0.0,0.0,0.0,0.0,0.0,0.0,0.0,0.0,0.0,0.0,-1.0,-0.016171531248217,0.00017498863912168014,0.06389925063549047,0.0,0.0,0.0,0.0,-0.00021015192114944475,-1.0,0.0,0.0,0.0,0.0,0.0,4.451655239786388e-05,0.0,0.0,-1.0,0.0,0.0,0.0,0.0,0.0,0.0,-0.02423202407471068,0.0287669322618987,2.7703858224442653e-09,0.0,0.0,0.0,0.0,0.0,0.0,0.0,0.0,0.0,0.0,0.0,0.0,3.661056421169031e-06,-1.0
